"funding_source","project_id","project_name","country","country_original","country_standardized","country_standardization_status","region","project_status","approval_year","approval_date","sector_standardized","subsector_standardized","transport_mode_standardized","transport_function","transport_context","infrastructure_type","financing_type","amount_original","currency","description","final_geo_status","final_location_name","final_latitude","final_longitude","has_final_coordinates","geo_resolution_pass","geo_low_precision_flag","geo_monitor_status","source_locator"
"World Bank","P000097","URBAN REHAB & MGT","Benin","Benin","Benin","exact","Western and Central Africa","Closed","1992","18/02/1992","Roads","Roads","Roads","Mixed","Urban","Rehabilitation","IDA","24600000","USD","THE OVERALL OBJECTIVES OF THE PROJECT ARE TO IMPROVE LIVINGCONDITIONS IN COTONOU AND PORTO NOVO, & BUILD CAPACITY FOR URBANMGMT. THE PROJECT INCLUDES REHABILITATION OF STREETS & DRAINS,MOBILIZING POORER SEGMENTS OF WORKING POPULATION, COMMUNITY-BASEDSANITARY IMPROVEMENTS, LAND MGMT & LOCAL FISCAL RESOURCE MOBILIZATION.VERIFY DATE AFTER DRAFT ICR DATE WITH TL","matched","Porto-Novo, Benin","6.478623799999999","2.6203212","TRUE","pass2","FALSE","matched","World Bank Projects_all_orig.xlsx::World Bank Projects::row 100"
"World Bank","P000956","URBAN TRANSPORT","Ghana","Ghana","Ghana","exact","Western and Central Africa","Closed","1993","25/05/1993","Urban transit","Urban transit","Urban transit","Passenger","Urban","Rehabilitation","IDA","76200000","USD","TO IMPROVE THE EFFICIENCY AND CAPACITY OF PUBLIC TRANSPORT, INFRASTRUCTURE, FACILITIES, ORGANIZATION, AND INSTITUTIONS IN GHANA'SURBAN CENTERS, PARTICULARLY ACCRA, WITH SPECIAL EMPHASIS ON ROADREHABILITATION,TRAFFIC MANAGEMENT, AND INCREASED BUS SUPPLIES TOPRIVATE SECTOR.","matched","Accra, Ghana","5.559284600000001","-0.1974306","TRUE","pass2","FALSE","matched","World Bank Projects_all_orig.xlsx::World Bank Projects::row 952"
"World Bank","P001177","CI-Transp Sec Adj","Côte d'Ivoire","Cote d'Ivoire","Côte d'Ivoire","alias","Western and Central Africa","Closed","1998","23/06/1998","Maritime","Ports","Maritime","Mixed","Intercity","Rehabilitation","IDA","180000000","USD","The Project Development Objective (PDO) is to re-establish and improve road access and safeguard road infrastructure assets across the country by rehabilitating/reconstructing the bridges along the main roads, notably in Northern Western and Regions where the road maintenance activities were suspended since the beginning of the war.","already_geocoded","Cote d'Ivoire","6.837190133","-4.897949933","TRUE","preexisting","FALSE","already_geocoded","World Bank Projects_all_orig.xlsx::World Bank Projects::row 1171"
"World Bank","P001235","NAIROBI AIRPORT","Kenya","Kenya","Kenya","exact","Eastern and Southern Africa","Closed","1972","30/05/1972","Aviation","Airports","Aviation","Mixed","","","","","USD","","matched","Jomo Kenyatta International Airport (NBO), Embakasi, Nairobi, Kenya","-1.3225242","36.9245295","TRUE","pass2","FALSE","matched","World Bank Projects_all_orig.xlsx::World Bank Projects::row 1227"
"World Bank","P001512","Antananarivo Plain Development","Madagascar","Madagascar","Madagascar","exact","Eastern and Southern Africa","Closed","1990","29/03/1990","Other transport","Other transport","Other transport","","Urban","New construction","IDA","52800000","USD","FOLLOW UP WATER SUPPLY AND SANITATION I, FLOOD CONTROL OF ANTANANARIVOPLAIN, DRAINAGE AND IRRIGATION, AND INSTITUTIONAL STRENGTHENING FORFLOOD CONTROL AND SANITATION; URBANIZATION DEVELOPMENT AND MANAGEMENT","matched","Antananarivo, Madagascar","-18.9184607","47.5211293","TRUE","pass2","FALSE","matched","World Bank Projects_all_orig.xlsx::World Bank Projects::row 1502"
"World Bank","P002107","STATE ROADS","Nigeria","Nigeria","Nigeria","exact","Western and Central Africa","Closed","1992","21/07/1992","Roads","Roads","Roads","Mixed","Intercity","Rehabilitation","IDA","68000000","USD","ROADS REHABILITATION AND MAINTENANCE IN KANO, TIGAWA AND JIGAWA STATES","matched","Kano, Nigeria","12.0021794","8.591956099999999","TRUE","pass2","FALSE","matched","World Bank Projects_all_orig.xlsx::World Bank Projects::row 2092"
"World Bank","P002933","URBAN I","Uganda","Uganda","Uganda","exact","Eastern and Southern Africa","Closed","1991","22/01/1991","Roads","Roads","Roads","Mixed","Urban","Technical assistance","IDA","34900000","USD","REHABILITATION OF URBAN SERVICES IN KAMPALA SUCH AS SOLID WASTE COL-LECTION AND DISPOSAL, ROAD MAINTENANCE,IMPROVEMENT OF URBAN MARKET ANDPROVISION OF SERVICES LAND FOR URBAN POOR. STRENGTHENING OF KAMPALACITY COUNCIL THROUGH TECHNICAL ASSISTANCE","matched","Kampala, Uganda","0.3151692","32.5816313","TRUE","pass2","FALSE","matched","World Bank Projects_all_orig.xlsx::World Bank Projects::row 2916"
"World Bank","P003471","ROADS III","People's Republic of China","China","People's Republic of China","alias","East Asia and Pacific","Dropped","1987","30/06/1987","Roads","Roads","Roads","Mixed","Intercity","New construction","IBRD","150000000","USD","CONSTRUCTION OF CLASS ONE ROADS IN SHANDONG (JINAN-QINGDAO), & SICHUAN (CHENGDU-CHONGQING) PROVINCES; TRAINING TO PROVINCIAL HIGHWAY DESIGN INSTITUTES.","matched","Jinan, Shandong, China","36.6518399","117.12009","TRUE","pass2","FALSE","matched","World Bank Projects_all_orig.xlsx::World Bank Projects::row 3452"
"World Bank","P003504","HEBEI/HENAN NATIONAL","People's Republic of China","China","People's Republic of China","alias","East Asia and Pacific","Closed","1994","07/06/1994","Roads","Roads","Roads","Mixed","National network","New construction","IBRD","380000000","USD","CONSTRUCTION OF NEW HIGHWAY TO RELIEVE CONGESTION ON CRITICALSECTIONS OF NATIONAL HIGHWAY NO.107 SOUTH OF SHIJIAZHUANG OVER 220KM IN HEBEI PROVINCE AND 120 KM IN HENAN PROVINCE.STRENGTHENING MOC CAPABILITIES FOR PLANNING/MGMT OF THENATIONAL HIGHWAY SYSTEM.","matched","Shijiazhuang, Hebei, China","38.0427599","114.5143","TRUE","pass2","FALSE","matched","World Bank Projects_all_orig.xlsx::World Bank Projects::row 3485"
"World Bank","P003512","SHANGHAI PORT REST.","People's Republic of China","China","People's Republic of China","alias","East Asia and Pacific","Closed","1992","22/12/1992","Maritime","Ports","Maritime","Freight","National network","Rehabilitation","IBRD","150000000","USD","PROJECT IS LIKELY TO FOCUS ON CONSTRUCTION OF THE NEW WAIGAOQIAOTERMINAL AND REHABILITATION OF EXISTING BERTHS.","matched","889 Gang Jian Lu, Pu Dong Xin Qu, Shang Hai Shi, China, 201208","31.318373","121.659792","TRUE","pass2","FALSE","matched","World Bank Projects_all_orig.xlsx::World Bank Projects::row 3493"
"World Bank","P003534","ZHEJIANG PROVINCIAL HIGHWAY PROJECT","People's Republic of China","China","People's Republic of China","alias","East Asia and Pacific","Closed","1992","19/05/1992","Maritime","Ports","Maritime","Mixed","National network","Rehabilitation","IBRD","220000000","USD","CONSTRUCTION OF NEW HIGHWAY TO RELIEVE CONGESTION IN HIGHLY TRAVELLEDNINGBO-HANGZHOU CORRIDOR AND IMPROVE HINTERLAND ACCESS OF NINGBO PORT.PROMOTE ECONOMIC DEV. IN SOUTHWESTERN REGION OF PROVINCE; FURTHER DEV.INSTITUTIONAL CAPABILITIES; AND PROMOTE TRANSFER OF HIGHWAYCONSTRUCTION AND MAINTENANCE TECHNOLOGY.","matched","Hangzhou, Zhejiang, China","30.2741499","120.15515","TRUE","pass2","FALSE","matched","World Bank Projects_all_orig.xlsx::World Bank Projects::row 3515"
"World Bank","P004389","ORO SMLHLDR OIL PALM","Papua New Guinea","Papua New Guinea","Papua New Guinea","exact","East Asia and Pacific","Closed","1992","09/06/1992","Roads","Roads","Roads","Mixed","Intercity","","IBRD","27000000","USD","PROJECT WOULD DEVELOP ABOUT 6,500 HA OF LAND IN TWO AREAS OF OROPROVINCE (POPONDETTA & KOKODA) INTO SMALLHOLDER OIL PALM PLANTATIONS.","matched","Popondetta Northern Province, Papua New Guinea","-8.7692362","148.2334133","TRUE","pass2","FALSE","matched","World Bank Projects_all_orig.xlsx::World Bank Projects::row 4366"
"World Bank","P004397","Road Maintenance and Rehabilitation Project","Papua New Guinea","Papua New Guinea","Papua New Guinea","exact","East Asia and Pacific","Closed","2002","06/06/2002","Roads","Roads","Roads","Mixed","Urban","Rehabilitation","IBRD","64900000","USD","A. Restore satisfactory physical condition and safety to parts of national and provincial roads and bridges in six project provinces.B. Strengthen strategic planning and management of road sector assets.C. Strengthen institutional arrangements for road maintenance.D. Increase private sector contracting of maintenance works.","already_geocoded","Papua New Guinea","-7.095066093","148.336376","TRUE","preexisting","FALSE","already_geocoded","World Bank Projects_all_orig.xlsx::World Bank Projects::row 4374"
"World Bank","P005808","RY-TAIZ FLOOD DISASTER","Yemen","Yemen, Republic of","Yemen","alias","Middle East, North Africa, Afghanistan, and Pakistan","Closed","1990","14/06/1990","Roads","Roads","Roads","Mixed","Urban","Technical assistance","IDA","15000000","USD","FLOOD CONTROL FOR THE CITY OF TAIZ, INSTITUTIONALDEVELOPMENT AND TECHNICAL ASSISTANCE.","matched","Taizz, Yemen","13.5775886","44.0177989","TRUE","pass2","FALSE","matched","World Bank Projects_all_orig.xlsx::World Bank Projects::row 5778"
"World Bank","P006553","BR APL Integrated Water Management In Metropolitan Sao Paulo","Brazil","Brazil","Brazil","exact","Latin America and Caribbean","Closed","2009","09/07/2009","Rail","Rail","Rail","Passenger","Urban","Capacity expansion","IBRD","124820000","USD","The overall objectives of the APL are (i) to protect and maintain the quality and reliability of MRSP's water resources and potable water sources; (ii) to improve the quality of life of the poor populations residing in key targeted urban river basins in MRSP; and (iii) to strengthen institutional capacity and improve metropolitan management and coordination in MRSP in water resources management, water pollution control, land-use policy and basic service provision.","already_geocoded","Brazil","-21.55555667","-49.86110933","TRUE","preexisting","FALSE","already_geocoded","World Bank Projects_all_orig.xlsx::World Bank Projects::row 6514"
"World Bank","P007292","P AU PRINCE WTR","Haiti","Haiti","Haiti","exact","Latin America and Caribbean","Closed","1989","27/06/1989","Maritime","Ports","Maritime","Mixed","National network","Technical assistance","IDA","31550000","USD","IMPROVE PORT-AU-PRINCE'S WATER SERVICES AND CAMEP'S INSTITUTIONAL CAPABILITIES, THROUGH THE DEVELOPMENT OF NEW WATER SOURCES, INSTALLA- TION OF NETWORKS AND CONNECTIONS, CONSULTANCIES FOR PROJECT EXECUTION, TECHNICAL ASSISTANCE, AND TRAINING.","matched","Port-au-Prince, Haiti","18.5363875","-72.34654200000001","TRUE","pass2","FALSE","matched","World Bank Projects_all_orig.xlsx::World Bank Projects::row 7238"
"World Bank","P007615","URBN TRNSPRT I","Mexico","Mexico","Mexico","exact","Latin America and Caribbean","Closed","1987","28/05/1987","Roads","Roads","Roads","Mixed","Intercity","","IBRD","125000000","USD","INVESTMENTS IN TRANSPORT INFRASTRUCTURE & TRAFFIC MANAGEMENT IN THESTATE OF MEXICO, AND MONTERREY.","matched","Monterrey, Nuevo Leon, Mexico","25.6866142","-100.3161126","TRUE","pass2","FALSE","matched","World Bank Projects_all_orig.xlsx::World Bank Projects::row 7555"
"World Bank","P007694","TRNSPRT AIR POLL CON","Mexico","Mexico","Mexico","exact","Latin America and Caribbean","Closed","1992","15/12/1992","Rail","Rail","Rail","Passenger","Urban","","IBRD","220000000","USD","IMPROVE AIR QUALITY IN THE MEXICO CITY METROPOLITAN AREA THROUGHREDUCTIONS IN POLLUTION ARISING FROM TRANSPORT.","matched","Mexico City, CDMX, Mexico","19.4326077","-99.133208","TRUE","pass2","FALSE","matched","World Bank Projects_all_orig.xlsx::World Bank Projects::row 7634"
"World Bank","P009509","Jamuna Bridge","Bangladesh","Bangladesh","Bangladesh","exact","South Asia","Closed","1994","17/02/1994","Roads","Roads","Roads","Mixed","Intercity","New construction","IDA","200000000","USD","THE INTEGRATION OF THE WESTERN AND EASTERN REGIONS OF BANGLADESH BYTHE CONSTRUCTION OF A MAJOR BRIDGE CROSSING THE JAMUNA RIVER SYSTEM.","matched","Jamuna Bridge, Jamuna Brg, Bangladesh","24.3999198","89.7774446","TRUE","pass2","FALSE","matched","World Bank Projects_all_orig.xlsx::World Bank Projects::row 9380"
"World Bank","P010556","Highways Rehabilitation","Pakistan","Pakistan","Pakistan","exact","Middle East, North Africa, Afghanistan, and Pakistan","Closed","2003","23/12/2003","Roads","Roads","Roads","Mixed","Urban","Rehabilitation","IBRD","200000000","USD","Sustainable delivery of a productive and efficient national highway network, contributing to lower transportation costs.","already_geocoded","Pakistan","31.200377","71.63386475","TRUE","preexisting","FALSE","already_geocoded","World Bank Projects_all_orig.xlsx::World Bank Projects::row 10424"
"World Bank","P000001","West Africa Pilot Community-based Natural Resources & Wildlife Management Project","Africa","Africa","","non_economy_placeholder","Africa","Closed","1995","14/09/1995","Roads","Roads","Roads","Mixed","National network","","Other","11400000","USD","CONSERVATION OF BIO-DIVERSITY. OBJECTIVE IS TO ESTABLISH A PILOT, SUSTAINABLE AND LOCALLY APPROPRIATE COMMUNITY BASED WILDLIFE UTILIZA- TION OPERATION IN WEST AFRICA.","hold","","","","FALSE","none","FALSE","hold","World Bank Projects_all_orig.xlsx::World Bank Projects::row 4"
"World Bank","P000010","BOAD","Africa","Africa","","non_economy_placeholder","Africa","Closed","1990","01/02/1990","Other transport","Other transport","Other transport","","","","","","USD","","hold","","","","FALSE","none","FALSE","hold","World Bank Projects_all_orig.xlsx::World Bank Projects::row 13"
"World Bank","P000034","INFRASTRUCTURE REHAB","Angola","Angola","Angola","exact","Eastern and Southern Africa","Closed","1991","16/07/1991","Maritime","Ports","Maritime","Mixed","Urban","Technical assistance","IDA","37700000","USD","Feasibility and engineering studies, technical assistance and trainingFOR REHABILITATION OF MAJOR TRANSPORT FACILITIES (HIGHWAYS, PORTS,RAILROADS) AND URBAN INFRASTRUCTURE OF LUANDA.(CLOSING DATE WASEXTENDED 10/28/94.)2/96: ICR DATES REVISED. 3/96: POSSIBILITY OFONE MORE YEAR EXTENSION OF CLOSING DATE.6/97: PROJECT TO BE EXTENDED FOR ANOTHER YEAR - 6/30/98, PER L.MORRELL1/98: PROJECT TO BE EXTENDED FOR ANOTHER YEAR, 6/30/99, PER BK/LM.","hold","","","","FALSE","none","FALSE","hold","World Bank Projects_all_orig.xlsx::World Bank Projects::row 37"
"World Bank","P000050","TRANSPORT RECOVERY","Angola","Angola","Angola","exact","Eastern and Southern Africa","Closed","1992","03/09/1992","Maritime","Ports","Maritime","Mixed","Intercity","Technical assistance","IDA","44000000","USD","TO PRESERVE AND RESTORE SURFACE ACCESS TO THE INTERIOR OF THE COUNTRY AND TO ENSURE MINIMAL FUNCTIONING OF ROAD, RAIL AND PORT OPERATIONS. (CLOSING DATE EXTENDED 1/27/95). 2/96 ICR DATES ADJUSTED.","hold","","","","FALSE","none","FALSE","hold","World Bank Projects_all_orig.xlsx::World Bank Projects::row 53"
"World Bank","P000053","HIGHWAY REHAB","Angola","Angola","Angola","exact","Eastern and Southern Africa","Dropped","1998","30/06/1998","Roads","Roads","Roads","Mixed","Intercity","","","","USD","","hold","","","","FALSE","none","FALSE","hold","World Bank Projects_all_orig.xlsx::World Bank Projects::row 56"
"World Bank","P000055","PORTS/RAILWAYS","Angola","Angola","Angola","exact","Eastern and Southern Africa","Dropped","1993","30/06/1993","Maritime","Ports","Maritime","Mixed","","","","","USD","","hold","","","","FALSE","none","FALSE","hold","World Bank Projects_all_orig.xlsx::World Bank Projects::row 58"
"World Bank","P000063","HIGHWAY MAINT.& ENG.","Benin","Benin","Benin","exact","Western and Central Africa","Closed","1970","08/09/1970","Roads","Roads","Roads","Mixed","Intercity","","","","USD","","hold","","","","FALSE","none","FALSE","hold","World Bank Projects_all_orig.xlsx::World Bank Projects::row 66"
"World Bank","P000065","ROAD CONSTRUCTION I","Benin","Benin","Benin","exact","Western and Central Africa","Closed","1973","24/05/1973","Roads","Roads","Roads","Mixed","Intercity","New construction","","","USD","","hold","","","","FALSE","none","FALSE","hold","World Bank Projects_all_orig.xlsx::World Bank Projects::row 68"
"World Bank","P000068","HIGHWAY II SUPPLEMEN","Benin","Benin","Benin","exact","Western and Central Africa","Closed","1976","02/03/1976","Roads","Roads","Roads","Mixed","Intercity","","","","USD","","hold","","","","FALSE","none","FALSE","hold","World Bank Projects_all_orig.xlsx::World Bank Projects::row 71"
"World Bank","P000069","FEEDER ROADS","Benin","Benin","Benin","exact","Western and Central Africa","Closed","1977","26/05/1977","Roads","Roads","Roads","Mixed","Intercity","","","","USD","","hold","","","","FALSE","none","FALSE","hold","World Bank Projects_all_orig.xlsx::World Bank Projects::row 72"
"World Bank","P000071","THIRD HIGHWAY PROJEC","Benin","Benin","Benin","exact","Western and Central Africa","Closed","1977","08/11/1977","Roads","Roads","Roads","Mixed","Intercity","","","","USD","","hold","","","","FALSE","none","FALSE","hold","World Bank Projects_all_orig.xlsx::World Bank Projects::row 74"
"World Bank","P000072","COTONOU PORT","Benin","Benin","Benin","exact","Western and Central Africa","Closed","1978","08/06/1978","Maritime","Ports","Maritime","Mixed","","","","","USD","","hold","","","","FALSE","none","FALSE","hold","World Bank Projects_all_orig.xlsx::World Bank Projects::row 75"
"World Bank","P000073","COTONOU PORT SUPPLEM","Benin","Benin","Benin","exact","Western and Central Africa","Closed","1978","10/07/1978","Maritime","Ports","Maritime","Mixed","","","","","USD","","hold","","","","FALSE","none","FALSE","hold","World Bank Projects_all_orig.xlsx::World Bank Projects::row 76"
"World Bank","P000076","HIGHWAYS IV","Benin","Benin","Benin","exact","Western and Central Africa","Closed","1981","14/05/1981","Roads","Roads","Roads","Mixed","Intercity","","","","USD","","hold","","","","FALSE","none","FALSE","hold","World Bank Projects_all_orig.xlsx::World Bank Projects::row 79"
"World Bank","P000077","FEEDER ROADS","Benin","Benin","Benin","exact","Western and Central Africa","Closed","1980","23/12/1980","Roads","Roads","Roads","Mixed","Intercity","","","","USD","","hold","","","","FALSE","none","FALSE","hold","World Bank Projects_all_orig.xlsx::World Bank Projects::row 80"
"World Bank","P000085","FEEDER ROADS III","Benin","Benin","Benin","exact","Western and Central Africa","Closed","1984","29/05/1984","Roads","Roads","Roads","Mixed","Intercity","","","","USD","","hold","","","","FALSE","none","FALSE","hold","World Bank Projects_all_orig.xlsx::World Bank Projects::row 88"
"World Bank","P000093","TRANSP.INFRAST.","Benin","Benin","Benin","exact","Western and Central Africa","Closed","1987","26/05/1987","Roads","Roads","Roads","Mixed","Intercity","","","","USD","","hold","","","","FALSE","none","FALSE","hold","World Bank Projects_all_orig.xlsx::World Bank Projects::row 96"
"World Bank","P000099","COMMUNITY-BASED FOOD SECURITY","Benin","Benin","Benin","exact","Western and Central Africa","Closed","1994","12/04/1994","Other transport","Other transport","Other transport","","","Technical assistance","IDA","14900000","USD","ALLEVIATE POVERTY, IMPROVE FOOD SECURITY & NUTRITIONAL STATUS OF THEMOST DISADVANTADGED SEGMENTS OF THE RURAL POPULATION THROUGH NGOSINTERVENTIONS IN AREAS AT RISK. MAIN ACTIONS WOULD BE: SUPPORT TOMARKETING, SMALL SCALE PROCESSING, NEW INCOME GENERATING OPPORTUNITIESSMALL INFRASTRUCTURES AND NUTRITIONAL TRAINING.","hold","","","","FALSE","none","FALSE","hold","World Bank Projects_all_orig.xlsx::World Bank Projects::row 102"
"World Bank","P000117","TRANSPORT SECTOR INVESTMENT PROGRAM","Benin","Benin","Benin","exact","Western and Central Africa","Closed","1996","31/10/1996","Maritime","Ports","Maritime","Mixed","National network","Policy financing","IDA","58000000","USD","SECTOR MANAGEMENT REFORM, MAINTENANCE OF EXISTING INFRASTRUCTURE,LIBERALIZATION OF TRANSPORT OPERATIONS, EXPANSION OF RURAL TRANSPORTNETWORK","hold","","","","FALSE","none","FALSE","hold","World Bank Projects_all_orig.xlsx::World Bank Projects::row 120"
"World Bank","P000125","ROADS","Botswana","Botswana","Botswana","exact","Eastern and Southern Africa","Closed","1964","03/08/1964","Roads","Roads","Roads","Mixed","Intercity","","","","USD","","hold","","","","FALSE","none","FALSE","hold","World Bank Projects_all_orig.xlsx::World Bank Projects::row 128"
"ADB","36353-013","VIE: GMS Southern Coastal Corridor Project","Regional","Regional","","non_economy_placeholder","","Active","2007","28/11/2007","Roads","Roads","Roads","Mixed","Urban","","Sovereign","107000000","USD","Grant | Loan","matched","Banteay Meas, Cambodia","10.6662675","104.562614","TRUE","pass1","FALSE","matched","adb-sov-projects-20260127.xlsx::projects-processed-27Jan26::row 10"
"ADB","37337-012","Institutional Support for Railway Reforms","Bangladesh","Bangladesh","Bangladesh","exact","South Asia","Active","","","Rail","Rail","Rail","Passenger","Urban","Technical assistance","Sovereign","2000000","USD","Technical Assistance","matched","Dhaka, Bangladesh","23.804093","90.4152376","TRUE","pass1","FALSE","matched","adb-sov-projects-20260127.xlsx::projects-processed-27Jan26::row 14"
"ADB","40080-013","Ha Noi Metro Rail System Project (Line 3: Nhon-Ha Noi Station Section)","Viet Nam","Viet Nam","Viet Nam","exact","Southeast Asia","Active","2015","10/12/2015","Urban transit","Urban transit","Urban transit","Passenger","Urban","","Sovereign","357800000","USD","Loan","matched","Hoan Kiem, Ha Noi, Vietnam","21.0336195","105.8495796","TRUE","pass1","FALSE","matched","adb-sov-projects-20260127.xlsx::projects-processed-27Jan26::row 21"
"ADB","40255-033","Central Mekong Delta Region Connectivity Project","Viet Nam","Viet Nam","Viet Nam","exact","Southeast Asia","Active","2013","05/08/2013","Roads","Roads","Roads","Mixed","Urban","","Sovereign","410000000","USD","Grant | Loan","matched","An Giang, Vietnam","10.5215836","105.1258955","TRUE","pass1","FALSE","matched","adb-sov-projects-20260127.xlsx::projects-processed-27Jan26::row 23"
"ADB","40333-022","Road Network Development Project I ( Bala Murghab to Leman)","Afghanistan","Afghanistan","Afghanistan","exact","South Asia","Active","2007","28/09/2007","Roads","Roads","Roads","Mixed","Urban","New construction","Sovereign","176000000","USD","Grant","matched","Andkhoy, Afghanistan","36.9549975","65.1254488","TRUE","pass1","FALSE","matched","adb-sov-projects-20260127.xlsx::projects-processed-27Jan26::row 24"
"ADB","40540-016","South Asia Subregional Economic Cooperation Dhaka-Northwest Corridor Road Project, Phase 2","Bangladesh","Bangladesh","Bangladesh","exact","South Asia","Active","2017","24/10/2017","Roads","Roads","Roads","Mixed","Urban","Technical assistance","Sovereign","1203000000","USD","Loan | Technical Assistance","matched","Chandra, Bangladesh","24.0478735","90.2379523","TRUE","pass1","FALSE","matched","adb-sov-projects-20260127.xlsx::projects-processed-27Jan26::row 25"
"ADB","40540-017","South Asia Subregional Economic Cooperation Dhaka-Northwest Corridor Road Project, Phase 2 - Tranche 1","Bangladesh","Bangladesh","Bangladesh","exact","South Asia","Active","2017","16/11/2017","Roads","Roads","Roads","Mixed","Urban","","Sovereign","300000000","USD","Loan","matched","Chandra, Bangladesh","24.0478735","90.2379523","TRUE","pass1","FALSE","matched","adb-sov-projects-20260127.xlsx::projects-processed-27Jan26::row 26"
"ADB","40540-019","South Asia Subregional Economic Cooperation Dhaka-Northwest Corridor Road Project, Phase 2 (Tranche 3)","Bangladesh","Bangladesh","Bangladesh","exact","South Asia","Active","2023","20/11/2023","Roads","Roads","Roads","Mixed","Urban","","Sovereign","300000000","USD","Loan","matched","Dhaka, Bangladesh","23.804093","90.4152376","TRUE","pass1","FALSE","matched","adb-sov-projects-20260127.xlsx::projects-processed-27Jan26::row 27"
"ADB","40540-020","South Asia Subregional Economic Cooperation Dhakaâ€“Northwest Corridor Road Project, Phase 2  (Tranche 4)","Bangladesh","Bangladesh","Bangladesh","exact","South Asia","Active","2025","16/06/2025","Roads","Roads","Roads","Mixed","Urban","","Sovereign","204000000","USD","Loan","matched","Dhaka, Bangladesh","23.804093","90.4152376","TRUE","pass1","FALSE","matched","adb-sov-projects-20260127.xlsx::projects-processed-27Jan26::row 28"
"ADB","41076-044","Road Improvement and Institutional Development Project","Philippines","Philippines","Philippines","exact","Southeast Asia","Active","2011","15/12/2011","Roads","Roads","Roads","Mixed","Urban","New construction","Sovereign","62000000","USD","Loan","matched","Baguio, Benguet, Philippines","16.4129692","120.5913973","TRUE","pass1","FALSE","matched","adb-sov-projects-20260127.xlsx::projects-processed-27Jan26::row 29"
"ADB","41076-048","Improving Growth Corridors in Mindanao Road Sector Project","Philippines","Philippines","Philippines","exact","Southeast Asia","Active","2017","14/12/2017","Roads","Roads","Roads","Mixed","Urban","","Sovereign","380000000","USD","Loan","matched","Zamboanga Sibugay, Philippines","7.5225247","122.3107517","TRUE","pass1","FALSE","matched","adb-sov-projects-20260127.xlsx::projects-processed-27Jan26::row 30"
"ADB","42019-014","Multimodal Passenger Hub and Railway Maintenance Project","People's Republic of China","China, People's Republic of","People's Republic of China","alias","","Active","2019","27/06/2019","Multimodal","Multimodal","Multimodal","Mixed","Urban","Rehabilitation","Sovereign","120000000","USD","Loan","matched","Xichang, Liangshan Yi Autonomous Prefecture, Sichuan, China","27.8944899","102.26305","TRUE","pass1","FALSE","matched","adb-sov-projects-20260127.xlsx::projects-processed-27Jan26::row 36"
"ADB","42145-033","North-South Road Corridor Investment Program - Tranche 2","Armenia","Armenia","Armenia","exact","Central and West Asia","Active","2010","21/12/2010","Roads","Roads","Roads","Mixed","Urban","Policy financing","Sovereign","170000000","USD","Loan","matched","Aragatsotn Province, Armenia","40.3347301","44.3748296","TRUE","pass1","FALSE","matched","adb-sov-projects-20260127.xlsx::projects-processed-27Jan26::row 46"
"ADB","42169-013","Greater Dhaka Sustainable Urban Transport Project","Bangladesh","Bangladesh","Bangladesh","exact","South Asia","Active","2012","17/04/2012","Urban transit","Urban transit","Urban transit","Passenger","Urban","Technical assistance","Sovereign","260000000","USD","Grant | Loan | Technical Assistance","matched","Dhaka, Bangladesh","23.804093","90.4152376","TRUE","pass1","FALSE","matched","adb-sov-projects-20260127.xlsx::projects-processed-27Jan26::row 47"
"ADB","42203-022","Northern Rural Infrastructure Development Sector Project","Lao People's Democratic Republic","Lao People's Democratic Republic","Lao People's Democratic Republic","exact","Southeast Asia","Active","2010","26/11/2010","Roads","Roads","Roads","Mixed","Urban","New construction","Sovereign","58600000","USD","Grant","matched","Bokeo Province, Laos","20.2872662","100.7097867","TRUE","pass1","FALSE","matched","adb-sov-projects-20260127.xlsx::projects-processed-27Jan26::row 53"
"ADB","37075-023","Qaisarâ€“Dari Bum Road Project","Afghanistan","Afghanistan","Afghanistan","exact","South Asia","Active","2017","06/12/2017","Roads","Roads","Roads","Mixed","Urban","","Sovereign","330000000","USD","Grant","hold","","","","FALSE","none","FALSE","hold","adb-sov-projects-20260127.xlsx::projects-processed-27Jan26::row 11"
"ADB","38349-031","South Asia Subregional Economic Cooperation Airport Capacity Enhancement Project","Nepal","Nepal","Nepal","exact","South Asia","Active","2020","19/11/2020","Aviation","Airports","Aviation","Mixed","Urban","Capacity expansion","Sovereign","150000000","USD","Loan","hold","","","","FALSE","none","FALSE","hold","adb-sov-projects-20260127.xlsx::projects-processed-27Jan26::row 18"
"ADB","39295-013","Third Urban Governance and Infrastructure Improvement (Sector) Project","Bangladesh","Bangladesh","Bangladesh","exact","South Asia","Active","2014","10/06/2014","Roads","Roads","Roads","Mixed","Urban","Technical assistance","Sovereign","325000000","USD","Loan","hold","","","","FALSE","none","FALSE","hold","adb-sov-projects-20260127.xlsx::projects-processed-27Jan26::row 20"
"ADB","40080-024","Strengthening Sustainable Urban Transport for Ha Noi Metro Line 3","Viet Nam","Viet Nam","Viet Nam","exact","Southeast Asia","Active","2014","12/12/2014","Urban transit","Urban transit","Urban transit","Passenger","Urban","New construction","Sovereign","4200000","USD","Loan","hold","","","","FALSE","none","FALSE","hold","adb-sov-projects-20260127.xlsx::projects-processed-27Jan26::row 22"
"ADB","41193-014","Western Regional Road Corridor Investment Program","Mongolia","Mongolia","Mongolia","exact","East Asia","Active","2011","09/12/2011","Roads","Roads","Roads","Mixed","Regional corridor","Policy financing","Sovereign","170000000","USD","Loan","hold","","","","FALSE","none","FALSE","hold","adb-sov-projects-20260127.xlsx::projects-processed-27Jan26::row 31"
"ADB","41193-019","Western Regional Road Corridor Investment Program - Tranche 2","Mongolia","Mongolia","Mongolia","exact","East Asia","Active","2014","14/05/2014","Roads","Roads","Roads","Mixed","Urban","Policy financing","Sovereign","125000000","USD","Loan","hold","","","","FALSE","none","FALSE","hold","adb-sov-projects-20260127.xlsx::projects-processed-27Jan26::row 32"
"ADB","41496-014","Greater Mekong Subregion Southern Coastal Corridor Project - Additional Financing","Viet Nam","Viet Nam","Viet Nam","exact","Southeast Asia","Active","2013","11/02/2013","Roads","Roads","Roads","Mixed","Urban","Capacity expansion","Sovereign","25000000","USD","Grant | Loan","hold","","","","FALSE","none","FALSE","hold","adb-sov-projects-20260127.xlsx::projects-processed-27Jan26::row 33"
"ADB","42105-012","Knowledge Sharing on Infrastructure Public-Private Partnerships in Asia","Regional","Regional","","non_economy_placeholder","","Active","2008","07/10/2008","Policy financing","Policy financing","","","Urban","Technical assistance","Sovereign","4368000","USD","Technical Assistance","hold","","","","FALSE","none","FALSE","hold","adb-sov-projects-20260127.xlsx::projects-processed-27Jan26::row 44"
"ADB","42145-013","North-South Road Corridor Investment Program","Armenia","Armenia","Armenia","exact","Central and West Asia","Active","2009","29/09/2009","Roads","Roads","Roads","Mixed","Urban","Policy financing","Sovereign","500000000","USD","Grant | Loan","hold","","","","FALSE","none","FALSE","hold","adb-sov-projects-20260127.xlsx::projects-processed-27Jan26::row 45"
"ADB","44350-013","Transport Project Preparatory Facility","Sri Lanka","Sri Lanka","Sri Lanka","exact","South Asia","Active","2016","22/09/2016","Rail","Rail","Rail","Passenger","Urban","Credit facility","Sovereign","24420000","USD","Loan","hold","","","","FALSE","none","FALSE","hold","adb-sov-projects-20260127.xlsx::projects-processed-27Jan26::row 80"
"ADB","44482-012","MFF - Transport Network Development Investment Program","Afghanistan","Afghanistan","Afghanistan","exact","South Asia","Active","2011","20/09/2011","Roads","Roads","Roads","Mixed","Urban","Policy financing","Sovereign","667000000","USD","Grant","hold","","","","FALSE","none","FALSE","hold","adb-sov-projects-20260127.xlsx::projects-processed-27Jan26::row 83"
"ADB","44482-023","Transport Network Development Investment Program - Tranche 2","Afghanistan","Afghanistan","Afghanistan","exact","South Asia","Active","2012","10/12/2012","Roads","Roads","Roads","Mixed","Urban","Policy financing","Sovereign","149000000","USD","Grant","low_precision","","","","FALSE","pass1","TRUE","low_precision","adb-sov-projects-20260127.xlsx::projects-processed-27Jan26::row 84"
"ADB","44482-025","Transport Network Development Investment Program - Tranche 4","Afghanistan","Afghanistan","Afghanistan","exact","South Asia","Active","2014","15/12/2014","Roads","Roads","Roads","Mixed","Urban","Policy financing","Sovereign","109000000","USD","Grant","hold","","","","FALSE","none","FALSE","hold","adb-sov-projects-20260127.xlsx::projects-processed-27Jan26::row 86"
"ADB","45007-004","Ulaanbaatar Urban Services and Ger Areas Development Investment Program - Tranche 1","Mongolia","Mongolia","Mongolia","exact","East Asia","Active","2013","17/12/2013","Roads","Roads","Roads","Mixed","Urban","Technical assistance","Sovereign","50000000","USD","Grant | Loan","low_precision","","","","FALSE","pass1","TRUE","low_precision","adb-sov-projects-20260127.xlsx::projects-processed-27Jan26::row 88"
"ADB","46186-007","TA Cluster: Economic Diagnostic Studies in Asia and the Pacific","Regional","Regional","","non_economy_placeholder","","Active","2021","25/08/2021","Policy financing","Policy financing","","","Urban","Technical assistance","Sovereign","5000000","USD","Technical Assistance","hold","","","","FALSE","none","FALSE","hold","adb-sov-projects-20260127.xlsx::projects-processed-27Jan26::row 110"
"AIIB","","Haryana Orbital Rail Corridor Part B Project","India","India","India","exact","South Asia","Proposed","","","Rail","Rail","Rail","Mixed","","","Sovereign","266640000","USD","","matched","Haryana, India","29.0587757","76.085601","TRUE","pass2","FALSE","matched","AIIB Project List.pdf::n/a::row 1"
"AIIB","","Baku Metro Expansion Project - Phase II (Green Line)","Azerbaijan","Azerbaijan","Azerbaijan","exact","Central and West Asia","Proposed","","","Rail","Rail","Rail","Passenger","Urban","Capacity expansion","Sovereign","700000000","USD","","matched","Baku, Azerbaijan","40.40926169999999","49.8670924","TRUE","pass2","FALSE","matched","AIIB Project List.pdf::n/a::row 2"
"AIIB","","Alexandria – Abou Qir Metro Line","Egypt","Egypt","Egypt","exact","Middle East and North Africa","Approved","2022","","Rail","Rail","Rail","Passenger","Urban","New construction","Sovereign","250000000","EUR","","matched","Abu Qir, Abu Qir Al Gharbeyah, Montaza 2, Alexandria Governorate 5528332, Egypt","31.3114241","30.0603342","TRUE","pass1","FALSE","matched","AIIB Project List.pdf::n/a::row 8"
"AIIB","","Baku Metro Expansion Project – Phase I","Azerbaijan","Azerbaijan","Azerbaijan","exact","Central and West Asia","Approved","2026","","Rail","Rail","Rail","Passenger","Urban","Capacity expansion","Sovereign","180000000","USD","","matched","Baku, Azerbaijan","40.4092617","49.8670924","TRUE","pass1","FALSE","matched","AIIB Project List.pdf::n/a::row 10"
"AIIB","","Agricultural Zones Connectivity Project (AZCP)","Côte d'Ivoire","Côte d’Ivoire","Côte d'Ivoire","alias","Africa","Proposed","","","Other transport","Other transport","Other transport","","","","Sovereign","96400000","USD","","matched","Zuenoula, Côte d'Ivoire","7.484198500000001","-5.983257699999999","TRUE","pass2","FALSE","matched","AIIB Project List.pdf::n/a::row 12"
"AIIB","","Transforming Rail Connectivity in Kazakhstan (Middle Corridor Development)","Kazakhstan","Kazakhstan","Kazakhstan","exact","Central and West Asia","Approved","2026","","Rail","Rail","Rail","Mixed","Regional corridor","New construction","Sovereign","564000000","USD","","matched","150000 Petropavl, Kazakhstan","54.8732209","69.1505478","TRUE","pass2","FALSE","matched","AIIB Project List.pdf::n/a::row 14"
"AIIB","","Reconstruction of National Highway N-5 under Pakistan’s Resilient Recovery, Rehabilitation","Pakistan","Pakistan","Pakistan","exact","South Asia","Approved","2025","","Roads","Roads","Roads","Mixed","National network","Rehabilitation","Sovereign","500000000","USD","","matched","N-5, Pakistan","29.0945349","70.902136","TRUE","pass1","FALSE","matched","AIIB Project List.pdf::n/a::row 20"
"AIIB","","Karachi Bus Rapid Transit Red Line Project","Pakistan","Pakistan","Pakistan","exact","South Asia","Approved","2019","","Urban transit","Urban transit","Urban transit","Mixed","Urban","","Sovereign","71810000","USD","","matched","Karachi, Pakistan","24.8607343","67.0011364","TRUE","pass1","FALSE","matched","AIIB Project List.pdf::n/a::row 26"
"AIIB","","China- ASEAN Sea-Rail Multimodal Logistics Project","People's Republic of China","China","People's Republic of China","alias","East Asia","Proposed","","","Multimodal","Multimodal","Multimodal","Freight","Regional corridor","","Sovereign","300000000","USD","","low_precision","","","","FALSE","pass1","TRUE","low_precision","AIIB Project List.pdf::n/a::row 4"
"AIIB","","Project Crane","Philippines","Philippines","Philippines","exact","Southeast Asia","Approved","2026","","Other transport","Other transport","Other transport","","","","Nonsovereign","300000000","USD","","hold","","","","FALSE","none","FALSE","hold","AIIB Project List.pdf::n/a::row 9"
"AIIB","","Ispartakule- Cerkezkoy Rail Project (Previously: Halkali- Cerkezkoy Rail Project)","Türkiye","Türkiye","Türkiye","exact","Central and West Asia","Approved","2021","","Rail","Rail","Rail","Mixed","","","Sovereign","300000000","EUR","","hold","","","","FALSE","none","FALSE","hold","AIIB Project List.pdf::n/a::row 22"
"AIIB","","Transport Connectivity and Logistics Improvement Project","Togo","Togo","Togo","exact","Africa","Proposed","","","Logistics","Logistics","Logistics","Freight","","","Sovereign","75000000","USD","","hold","","","","FALSE","none","FALSE","hold","AIIB Project List.pdf::n/a::row 23"
"AIIB","","Hubei Global Air Cargo Logistics Project (Previously: Hubei Global Air Cargo Logistics Hub Project)","People's Republic of China","China","People's Republic of China","alias","East Asia","Approved","2024","","Aviation","Airports","Aviation","Freight","","","Sovereign","400000000","USD","","hold","","","","FALSE","none","FALSE","hold","AIIB Project List.pdf::n/a::row 35"
"AIIB","","CC Pan Eurasian FundCo- Investment: Superfreeze Cold Storage Logistics","Multicountry","Multicountry","","non_economy_placeholder","Multicountry","Approved","2022","","Logistics","Logistics","Logistics","Freight","","Credit facility","Nonsovereign","15000000","USD","","hold","","","","FALSE","none","FALSE","hold","AIIB Project List.pdf::n/a::row 46"
"AIIB","","Climate Resilience Improvement of National Road","Lao People's Democratic Republic","Lao PDR","Lao People's Democratic Republic","alias","Southeast Asia","Approved","2020","","Roads","Roads","Roads","Mixed","National network","","Sovereign","30000000","USD","","low_precision","","","","FALSE","pass1","TRUE","low_precision","AIIB Project List.pdf::n/a::row 58"
"AIIB","","Inclusive Connectivity and Rural Infrastructure Project","Côte d'Ivoire","Côte d’Ivoire","Côte d'Ivoire","alias","Africa","Approved","2023","","Other transport","Other transport","Other transport","","","","Sovereign","200000000","USD","","hold","","","","FALSE","none","FALSE","hold","AIIB Project List.pdf::n/a::row 62"
